Schritte,Pi,Abweichung
1.0,3.04183962,0.09975303
10.0,3.13159290,0.00999975
100.0,3.14059265,0.00100000
1000.0,3.14149265,0.00010000
10000.0,3.14158265,0.00001000
100000.0,3.14159165,0.00000100
1000000.0,3.14159255,0.00000010
1.0E7,3.14159264,0.00000001
